Température moyenne,Température maximale,Température minimale,Température maximale record,Température minimale record,Vitesse du vent,Température du vent,Précipitations moyennes par jour,Record de précipitations sur une journée,Humidité,Visibilité,Couverture nuageuse,Heure du lever du soleil,Heure du coucher du soleil,Durée du jour
-0°,1°,-2°,8°,5°,14km/h,-5°,1mm,16mm,88%,9km,37%,09:23:00,18:29:00,9:6:0
-1°,-0°,-3°,5°,3°,13km/h,-6°,1mm,6mm,93%,6km,66%,09:23:00,18:28:00,9:5:0
2°,4°,-0°,13°,10°,13km/h,-2°,2mm,13mm,93%,7km,52%,09:23:00,18:28:00,9:5:0
4°,5°,2°,12°,10°,17km/h,-0°,2mm,27mm,88%,9km,56%,09:23:00,18:27:00,9:4:0
2°,3°,-0°,13°,10°,12km/h,-2°,1mm,7mm,93%,8km,67%,09:23:00,18:29:00,9:6:0
5°,7°,3°,12°,8°,12km/h,1°,1mm,11mm,88%,9km,49%,09:23:00,18:28:00,9:5:0
3°,5°,2°,14°,11°,16km/h,-1°,2mm,12mm,89%,9km,63%,09:23:00,18:28:00,9:5:0
4°,6°,2°,12°,9°,16km/h,-0°,2mm,11mm,88%,9km,53%,09:23:00,18:28:00,9:5:0
-1°,1°,-3°,6°,5°,12km/h,-5°,1mm,7mm,89%,9km,47%,09:23:00,18:29:00,9:6:0
7°,8°,6°,13°,10°,17km/h,4°,2mm,19mm,85%,10km,64%,09:23:00,18:28:00,9:5:0
3°,4°,2°,8°,6°,14km/h,-1°,3mm,33mm,83%,9km,66%,09:23:00,18:28:00,9:5:0
6°,8°,4°,13°,11°,13km/h,2°,2mm,29mm,84%,10km,46%,09:23:00,18:28:00,9:5:0
7°,9°,5°,17°,12°,18km/h,2°,2mm,17mm,87%,9km,45%,09:43:00,19:17:00,9:34:0
6°,8°,4°,17°,12°,17km/h,1°,2mm,21mm,89%,9km,58%,09:43:00,19:17:00,9:34:0
7°,9°,5°,15°,13°,14km/h,3°,1mm,10mm,87%,9km,42%,09:43:00,19:16:00,9:33:0
8°,10°,6°,16°,13°,13km/h,5°,1mm,12mm,87%,9km,49%,09:43:00,19:16:00,9:33:0
8°,10°,6°,18°,13°,15km/h,4°,3mm,34mm,90%,8km,55%,09:43:00,19:17:00,9:34:0
10°,12°,8°,17°,13°,18km/h,7°,3mm,26mm,89%,9km,56%,09:43:00,19:17:00,9:34:0
8°,11°,6°,16°,13°,16km/h,5°,2mm,20mm,85%,9km,53%,09:43:00,19:16:00,9:33:0
10°,12°,8°,20°,15°,20km/h,7°,3mm,24mm,86%,9km,57%,09:43:00,19:16:00,9:33:0
6°,9°,4°,18°,12°,14km/h,2°,2mm,31mm,79%,10km,42%,09:43:00,19:17:00,9:34:0
10°,12°,9°,17°,15°,18km/h,7°,3mm,24mm,87%,9km,65%,09:43:00,19:17:00,9:34:0
7°,9°,6°,13°,12°,16km/h,3°,5mm,102mm,86%,9km,63%,09:43:00,19:16:00,9:33:0
10°,12°,8°,19°,13°,15km/h,6°,3mm,46mm,83%,10km,53%,09:43:00,19:16:00,9:33:0
2°,4°,-0°,9°,6°,16km/h,-3°,1mm,12mm,86%,9km,39%,09:20:00,18:50:00,9:30:0
1°,3°,-1°,9°,5°,17km/h,-4°,2mm,16mm,90%,8km,59%,09:20:00,18:50:00,9:30:0
4°,6°,2°,14°,9°,14km/h,-1°,1mm,11mm,88%,8km,37%,09:20:00,18:50:00,9:30:0
6°,8°,3°,15°,9°,15km/h,1°,1mm,8mm,84%,9km,32%,09:20:00,18:49:00,9:29:0
4°,7°,2°,16°,10°,15km/h,-0°,1mm,16mm,85%,9km,37%,09:20:00,18:50:00,9:30:0
6°,8°,4°,12°,8°,12km/h,3°,2mm,20mm,91%,8km,54%,09:20:00,18:50:00,9:30:0
5°,7°,3°,17°,11°,15km/h,1°,2mm,20mm,85%,9km,42%,09:20:00,18:50:00,9:30:0
6°,8°,4°,14°,9°,12km/h,3°,1mm,9mm,90%,8km,51%,09:20:00,18:49:00,9:29:0
2°,5°,-0°,11°,7°,16km/h,-3°,1mm,11mm,79%,9km,35%,09:20:00,18:50:00,9:30:0
8°,10°,6°,16°,11°,14km/h,5°,2mm,29mm,86%,10km,51%,09:20:00,18:50:00,9:30:0
5°,7°,3°,13°,10°,21km/h,-0°,2mm,10mm,76%,10km,43%,09:20:00,18:50:00,9:30:0
7°,9°,5°,17°,10°,12km/h,4°,3mm,50mm,84%,10km,50%,09:20:00,18:49:00,9:29:0
2°,3°,-0°,12°,8°,17km/h,-4°,1mm,15mm,84%,9km,43%,09:30:00,18:54:00,9:24:0
-0°,2°,-1°,8°,6°,16km/h,-5°,2mm,12mm,91%,8km,63%,09:30:00,18:53:00,9:23:0
3°,5°,1°,14°,10°,15km/h,-2°,1mm,11mm,88%,8km,48%,09:29:00,18:53:00,9:24:0
4°,6°,2°,13°,11°,15km/h,-0°,1mm,12mm,88%,8km,56%,09:29:00,18:53:00,9:24:0
3°,4°,1°,15°,10°,15km/h,-2°,1mm,8mm,92%,7km,64%,09:29:00,18:54:00,9:25:0
6°,8°,4°,15°,10°,16km/h,1°,2mm,18mm,91%,8km,56%,09:29:00,18:53:00,9:24:0
4°,6°,2°,15°,12°,17km/h,-1°,1mm,18mm,86%,8km,61%,09:29:00,18:53:00,9:24:0
6°,7°,4°,16°,11°,18km/h,1°,2mm,17mm,88%,9km,60%,09:29:00,18:53:00,9:24:0
-0°,2°,-1°,14°,9°,14km/h,-5°,1mm,7mm,86%,8km,55%,09:29:00,18:54:00,9:25:0
7°,8°,5°,15°,12°,16km/h,3°,2mm,28mm,89%,8km,71%,09:29:00,18:54:00,9:25:0
2°,4°,1°,13°,8°,13km/h,-2°,3mm,20mm,88%,7km,69%,09:29:00,18:53:00,9:24:0
6°,8°,4°,15°,11°,11km/h,2°,2mm,29mm,85%,9km,54%,09:29:00,18:53:00,9:24:0
2°,4°,-0°,12°,8°,18km/h,-4°,1mm,10mm,82%,9km,39%,09:37:00,18:49:00,9:12:0
1°,2°,-1°,8°,6°,16km/h,-5°,1mm,7mm,90%,8km,58%,09:37:00,18:48:00,9:11:0
4°,6°,2°,14°,11°,17km/h,-1°,1mm,13mm,90%,9km,51%,09:37:00,18:48:00,9:11:0
5°,7°,3°,13°,11°,17km/h,1°,1mm,17mm,88%,9km,59%,09:37:00,18:48:00,9:11:0
3°,4°,1°,14°,11°,15km/h,-2°,1mm,9mm,94%,7km,71%,09:37:00,18:49:00,9:12:0
6°,8°,4°,14°,10°,18km/h,2°,2mm,12mm,92%,9km,58%,09:37:00,18:48:00,9:11:0
4°,6°,3°,13°,12°,20km/h,-0°,2mm,14mm,89%,9km,67%,09:37:00,18:48:00,9:11:0
6°,8°,4°,15°,11°,21km/h,1°,2mm,14mm,87%,9km,60%,09:37:00,18:48:00,9:11:0
1°,3°,-1°,13°,8°,15km/h,-4°,1mm,8mm,84%,9km,54%,09:37:00,18:49:00,9:12:0
8°,9°,6°,14°,12°,19km/h,4°,3mm,19mm,91%,8km,77%,09:37:00,18:48:00,9:11:0
3°,5°,2°,10°,9°,15km/h,-1°,3mm,27mm,90%,8km,72%,09:37:00,18:48:00,9:11:0
6°,8°,4°,14°,12°,15km/h,2°,2mm,28mm,88%,9km,53%,09:37:00,18:48:00,9:11:0
7°,8°,5°,13°,12°,28km/h,1°,2mm,13mm,86%,10km,52%,10:09:00,19:17:00,9:8:0
5°,7°,4°,13°,12°,25km/h,-0°,2mm,13mm,86%,10km,51%,10:09:00,19:17:00,9:8:0
7°,9°,6°,14°,12°,27km/h,2°,1mm,8mm,91%,10km,59%,10:09:00,19:17:00,9:8:0
8°,10°,7°,14°,13°,25km/h,4°,1mm,12mm,88%,10km,57%,10:09:00,19:16:00,9:7:0
8°,9°,6°,13°,13°,25km/h,3°,2mm,12mm,91%,9km,63%,10:09:00,19:17:00,9:8:0
9°,11°,8°,14°,13°,31km/h,5°,3mm,19mm,90%,10km,55%,10:09:00,19:17:00,9:8:0
9°,10°,7°,14°,13°,29km/h,4°,2mm,14mm,86%,10km,64%,10:09:00,19:17:00,9:8:0
9°,11°,8°,16°,15°,34km/h,5°,3mm,20mm,86%,10km,63%,10:09:00,19:16:00,9:7:0
7°,9°,5°,13°,12°,23km/h,2°,1mm,11mm,83%,10km,53%,10:09:00,19:17:00,9:8:0
10°,11°,8°,15°,13°,33km/h,6°,2mm,19mm,88%,10km,70%,10:09:00,19:17:00,9:8:0
8°,9°,7°,12°,11°,23km/h,4°,3mm,26mm,85%,10km,71%,10:09:00,19:17:00,9:8:0
9°,11°,7°,14°,12°,28km/h,5°,4mm,37mm,88%,10km,64%,10:09:00,19:16:00,9:7:0
2°,4°,-0°,13°,9°,21km/h,-4°,1mm,8mm,88%,9km,46%,09:48:00,18:58:00,9:10:0
2°,3°,-0°,10°,8°,18km/h,-4°,1mm,5mm,90%,9km,56%,09:48:00,18:57:00,9:9:0
4°,6°,3°,14°,11°,19km/h,-1°,1mm,9mm,93%,9km,56%,09:48:00,18:57:00,9:9:0
6°,8°,4°,14°,12°,20km/h,1°,1mm,10mm,91%,9km,54%,09:48:00,18:56:00,9:8:0
4°,6°,2°,13°,12°,18km/h,-1°,1mm,11mm,94%,8km,67%,09:48:00,18:58:00,9:10:0
7°,9°,5°,14°,11°,21km/h,2°,1mm,7mm,94%,9km,61%,09:48:00,18:57:00,9:9:0
5°,7°,3°,14°,13°,23km/h,-0°,1mm,8mm,90%,10km,60%,09:48:00,18:57:00,9:9:0
7°,9°,5°,14°,13°,25km/h,2°,2mm,13mm,88%,10km,58%,09:48:00,18:56:00,9:8:0
3°,5°,1°,14°,10°,16km/h,-3°,1mm,9mm,86%,9km,52%,09:48:00,18:58:00,9:10:0
8°,10°,7°,15°,13°,24km/h,4°,2mm,13mm,91%,9km,76%,09:48:00,18:57:00,9:9:0
5°,6°,3°,11°,9°,17km/h,-0°,3mm,24mm,90%,9km,69%,09:48:00,18:57:00,9:9:0
8°,9°,6°,14°,12°,20km/h,3°,2mm,23mm,89%,10km,59%,09:48:00,18:56:00,9:8:0
1°,3°,-1°,11°,8°,18km/h,-5°,1mm,14mm,86%,9km,42%,09:40:00,18:41:00,9:1:0
-0°,2°,-1°,8°,6°,16km/h,-5°,1mm,9mm,90%,8km,63%,09:40:00,18:41:00,9:1:0
3°,5°,2°,13°,10°,17km/h,-2°,2mm,13mm,94%,8km,64%,09:40:00,18:41:00,9:1:0
5°,7°,3°,13°,11°,19km/h,-0°,2mm,14mm,90%,9km,62%,09:40:00,18:40:00,9:0:0
2°,4°,1°,11°,10°,15km/h,-2°,1mm,9mm,95%,7km,76%,09:40:00,18:41:00,9:1:0
6°,7°,4°,12°,9°,19km/h,1°,2mm,11mm,93%,9km,64%,09:40:00,18:41:00,9:1:0
4°,5°,2°,13°,11°,20km/h,-1°,2mm,12mm,92%,8km,68%,09:40:00,18:41:00,9:1:0
5°,6°,3°,12°,10°,21km/h,-0°,2mm,12mm,90%,9km,62%,09:40:00,18:40:00,9:0:0
1°,3°,-1°,10°,8°,14km/h,-5°,1mm,10mm,88%,8km,55%,09:40:00,18:42:00,9:2:0
7°,8°,5°,13°,12°,22km/h,3°,3mm,17mm,92%,9km,77%,09:40:00,18:41:00,9:1:0
3°,4°,2°,10°,9°,17km/h,-2°,4mm,22mm,90%,8km,75%,09:40:00,18:41:00,9:1:0
6°,8°,4°,13°,11°,18km/h,1°,3mm,34mm,90%,9km,57%,09:40:00,18:40:00,9:0:0
9°,10°,8°,14°,13°,21km/h,6°,2mm,11mm,84%,10km,45%,08:55:00,18:39:00,9:44:0
8°,9°,7°,14°,12°,23km/h,5°,3mm,18mm,84%,10km,57%,08:55:00,18:38:00,9:43:0
9°,11°,8°,15°,14°,16km/h,7°,2mm,14mm,83%,10km,39%,08:55:00,18:38:00,9:43:0
10°,12°,9°,14°,14°,19km/h,8°,2mm,16mm,79%,10km,29%,08:55:00,18:38:00,9:43:0
10°,11°,8°,15°,13°,21km/h,7°,2mm,13mm,80%,10km,33%,08:55:00,18:39:00,9:44:0
11°,12°,10°,15°,14°,18km/h,9°,2mm,15mm,82%,10km,43%,08:55:00,18:38:00,9:43:0
11°,12°,9°,18°,15°,19km/h,8°,1mm,8mm,73%,10km,26%,08:55:00,18:38:00,9:43:0
11°,13°,9°,19°,16°,19km/h,9°,1mm,9mm,77%,10km,33%,08:55:00,18:38:00,9:43:0
9°,10°,8°,15°,13°,21km/h,5°,3mm,59mm,76%,10km,44%,08:55:00,18:39:00,9:44:0
12°,14°,11°,18°,15°,19km/h,10°,1mm,10mm,79%,10km,27%,08:55:00,18:38:00,9:43:0
10°,12°,8°,16°,14°,15km/h,7°,2mm,25mm,67%,10km,29%,08:55:00,18:38:00,9:43:0
11°,13°,10°,16°,14°,13km/h,9°,2mm,48mm,76%,10km,34%,08:55:00,18:38:00,9:43:0
-0°,1°,-2°,9°,7°,18km/h,-6°,1mm,17mm,86%,9km,38%,09:25:00,18:41:00,9:16:0
-1°,-0°,-3°,7°,4°,16km/h,-6°,2mm,10mm,92%,7km,60%,09:25:00,18:41:00,9:16:0
2°,4°,-0°,13°,9°,16km/h,-3°,2mm,16mm,90%,8km,47%,09:25:00,18:41:00,9:16:0
3°,4°,1°,13°,10°,17km/h,-2°,3mm,47mm,88%,8km,60%,09:25:00,18:40:00,9:15:0
1°,3°,-0°,13°,9°,14km/h,-3°,2mm,17mm,93%,7km,66%,09:25:00,18:41:00,9:16:0
4°,6°,3°,12°,8°,15km/h,-0°,2mm,14mm,89%,9km,54%,09:25:00,18:41:00,9:16:0
3°,4°,1°,12°,11°,17km/h,-2°,3mm,21mm,91%,8km,66%,09:25:00,18:41:00,9:16:0
4°,5°,2°,12°,9°,18km/h,-0°,4mm,34mm,90%,8km,64%,09:25:00,18:40:00,9:15:0
-1°,1°,-3°,9°,6°,13km/h,-6°,2mm,18mm,89%,8km,50%,09:25:00,18:41:00,9:16:0
6°,8°,5°,13°,12°,18km/h,2°,5mm,44mm,90%,8km,70%,09:25:00,18:41:00,9:16:0
2°,3°,-0°,9°,6°,12km/h,-2°,6mm,70mm,88%,8km,67%,09:25:00,18:41:00,9:16:0
5°,7°,4°,13°,10°,12km/h,2°,3mm,43mm,86%,9km,47%,09:25:00,18:40:00,9:15:0
6°,9°,3°,14°,11°,29km/h,2°,2mm,14mm,85%,10km,44%,09:49:00,19:10:00,9:21:0
5°,7°,2°,13°,9°,26km/h,-0°,1mm,5mm,87%,10km,46%,09:49:00,19:09:00,9:20:0
7°,9°,4°,14°,12°,28km/h,2°,2mm,9mm,89%,10km,43%,09:49:00,19:09:00,9:20:0
8°,11°,5°,14°,13°,26km/h,5°,2mm,13mm,86%,10km,50%,09:49:00,19:09:00,9:20:0
7°,10°,4°,13°,11°,28km/h,4°,2mm,10mm,88%,10km,51%,09:49:00,19:10:00,9:21:0
9°,12°,6°,14°,12°,32km/h,7°,2mm,9mm,87%,10km,53%,09:49:00,19:09:00,9:20:0
8°,11°,5°,14°,13°,29km/h,6°,2mm,8mm,85%,10km,59%,09:49:00,19:09:00,9:20:0
9°,12°,6°,14°,13°,33km/h,7°,3mm,19mm,83%,10km,54%,09:49:00,19:09:00,9:20:0
7°,9°,5°,14°,11°,26km/h,1°,1mm,5mm,81%,10km,43%,09:49:00,19:10:00,9:21:0
11°,12°,10°,14°,13°,32km/h,7°,2mm,13mm,88%,10km,71%,09:49:00,19:09:00,9:20:0
8°,9°,7°,11°,11°,26km/h,3°,3mm,21mm,85%,10km,61%,09:49:00,19:09:00,9:20:0
9°,11°,8°,13°,12°,31km/h,6°,3mm,23mm,85%,10km,59%,09:49:00,19:09:00,9:20:0
2°,4°,-0°,10°,8°,20km/h,-4°,1mm,9mm,89%,9km,45%,09:47:00,18:49:00,9:2:0
1°,3°,-0°,9°,6°,17km/h,-4°,1mm,5mm,90%,8km,58%,09:47:00,18:48:00,9:1:0
4°,6°,2°,13°,11°,19km/h,-1°,1mm,6mm,93%,8km,64%,09:47:00,18:48:00,9:1:0
6°,8°,4°,14°,11°,19km/h,2°,1mm,8mm,90%,9km,54%,09:47:00,18:48:00,9:1:0
3°,5°,2°,13°,11°,18km/h,-1°,1mm,6mm,94%,8km,71%,09:47:00,18:49:00,9:2:0
7°,9°,4°,13°,10°,21km/h,2°,1mm,5mm,94%,9km,61%,09:47:00,18:48:00,9:1:0
5°,7°,3°,13°,12°,23km/h,-0°,1mm,7mm,90%,10km,61%,09:47:00,18:48:00,9:1:0
6°,8°,4°,13°,10°,24km/h,1°,1mm,11mm,86%,10km,56%,09:47:00,18:48:00,9:1:0
2°,4°,-0°,12°,9°,15km/h,-3°,1mm,9mm,87%,8km,53%,09:47:00,18:49:00,9:2:0
8°,10°,7°,15°,13°,22km/h,4°,2mm,12mm,88%,10km,75%,09:47:00,18:48:00,9:1:0
5°,6°,4°,11°,10°,15km/h,1°,3mm,20mm,86%,9km,71%,09:47:00,18:48:00,9:1:0
8°,9°,6°,14°,12°,18km/h,4°,2mm,19mm,85%,10km,57%,09:47:00,18:48:00,9:1:0
6°,8°,5°,15°,11°,19km/h,2°,1mm,18mm,81%,10km,37%,09:23:00,19:02:00,9:39:0
5°,7°,4°,14°,10°,21km/h,-0°,2mm,16mm,82%,9km,46%,09:23:00,19:02:00,9:39:0
7°,9°,5°,16°,13°,18km/h,3°,1mm,25mm,81%,10km,35%,09:23:00,19:02:00,9:39:0
9°,11°,7°,16°,13°,23km/h,4°,1mm,11mm,76%,10km,26%,09:23:00,19:01:00,9:38:0
8°,10°,5°,17°,13°,24km/h,3°,1mm,18mm,76%,10km,30%,09:23:00,19:02:00,9:39:0
9°,11°,8°,16°,13°,19km/h,6°,1mm,22mm,84%,9km,48%,09:23:00,19:02:00,9:39:0
8°,11°,6°,18°,14°,23km/h,4°,1mm,17mm,74%,10km,31%,09:23:00,19:02:00,9:39:0
9°,11°,7°,17°,13°,17km/h,6°,1mm,9mm,82%,9km,44%,09:23:00,19:01:00,9:38:0
6°,8°,4°,14°,12°,22km/h,1°,2mm,17mm,72%,10km,35%,09:23:00,19:02:00,9:39:0
11°,12°,9°,18°,16°,22km/h,7°,2mm,35mm,78%,10km,43%,09:23:00,19:02:00,9:39:0
8°,10°,6°,15°,13°,27km/h,3°,1mm,45mm,65%,10km,29%,09:23:00,19:02:00,9:39:0
10°,12°,8°,18°,13°,17km/h,6°,4mm,190mm,79%,10km,49%,09:23:00,19:01:00,9:38:0
3°,6°,1°,12°,9°,19km/h,-2°,2mm,18mm,83%,9km,46%,09:37:00,19:01:00,9:24:0
2°,3°,-0°,10°,6°,16km/h,-4°,2mm,11mm,90%,8km,59%,09:37:00,19:01:00,9:24:0
4°,7°,2°,14°,9°,17km/h,-1°,1mm,9mm,88%,8km,47%,09:37:00,19:00:00,9:23:0
5°,7°,3°,12°,11°,16km/h,1°,2mm,18mm,90%,8km,56%,09:37:00,19:00:00,9:23:0
4°,6°,2°,14°,10°,15km/h,-1°,2mm,9mm,94%,7km,64%,09:37:00,19:01:00,9:24:0
7°,9°,5°,15°,10°,17km/h,3°,2mm,10mm,94%,8km,64%,09:37:00,19:01:00,9:24:0
5°,7°,3°,13°,11°,16km/h,-0°,2mm,21mm,90%,8km,62%,09:37:00,19:00:00,9:23:0
7°,9°,5°,16°,11°,18km/h,3°,3mm,25mm,92%,8km,66%,09:37:00,19:00:00,9:23:0
3°,5°,1°,14°,9°,15km/h,-2°,1mm,7mm,84%,8km,50%,09:37:00,19:01:00,9:24:0
8°,9°,6°,13°,12°,14km/h,4°,3mm,22mm,94%,7km,81%,09:37:00,19:01:00,9:24:0
3°,5°,2°,11°,9°,11km/h,-0°,4mm,22mm,92%,7km,70%,09:37:00,19:00:00,9:23:0
7°,9°,5°,13°,11°,11km/h,4°,4mm,29mm,88%,8km,61%,09:37:00,19:00:00,9:23:0
-0°,2°,-2°,10°,6°,18km/h,-6°,1mm,12mm,87%,9km,40%,09:34:00,18:35:00,9:1:0
-1°,-0°,-3°,6°,4°,16km/h,-6°,1mm,10mm,92%,8km,68%,09:34:00,18:35:00,9:1:0
2°,4°,1°,13°,10°,18km/h,-2°,2mm,13mm,93%,8km,59%,09:34:00,18:35:00,9:1:0
4°,5°,2°,12°,11°,20km/h,-1°,2mm,25mm,90%,9km,64%,09:34:00,18:34:00,9:0:0
1°,3°,-0°,13°,10°,16km/h,-3°,1mm,10mm,95%,7km,77%,09:34:00,18:35:00,9:1:0
5°,6°,3°,11°,8°,18km/h,-0°,1mm,10mm,91%,9km,61%,09:34:00,18:35:00,9:1:0
3°,4°,1°,12°,10°,21km/h,-2°,2mm,14mm,91%,8km,72%,09:34:00,18:35:00,9:1:0
4°,5°,2°,12°,9°,22km/h,-1°,2mm,10mm,91%,9km,65%,09:34:00,18:34:00,9:0:0
-1°,1°,-3°,7°,6°,15km/h,-6°,1mm,10mm,91%,8km,57%,09:34:00,18:36:00,9:2:0
6°,8°,5°,12°,10°,22km/h,2°,4mm,25mm,91%,9km,80%,09:34:00,18:35:00,9:1:0
2°,3°,1°,9°,7°,17km/h,-2°,4mm,40mm,89%,8km,73%,09:34:00,18:35:00,9:1:0
5°,7°,3°,12°,11°,17km/h,1°,3mm,30mm,89%,9km,57%,09:34:00,18:34:00,9:0:0
4°,6°,2°,14°,11°,15km/h,-1°,2mm,14mm,88%,9km,46%,09:34:00,19:11:00,9:37:0
3°,4°,1°,11°,8°,16km/h,-2°,2mm,16mm,92%,8km,59%,09:34:00,19:10:00,9:36:0
5°,7°,2°,15°,10°,13km/h,-0°,1mm,14mm,88%,8km,41%,09:34:00,19:10:00,9:36:0
5°,8°,3°,14°,11°,14km/h,1°,1mm,15mm,88%,8km,46%,09:34:00,19:10:00,9:36:0
5°,7°,2°,17°,11°,14km/h,-0°,2mm,25mm,92%,8km,55%,09:34:00,19:11:00,9:37:0
7°,10°,5°,16°,11°,15km/h,3°,2mm,36mm,91%,8km,56%,09:33:00,19:10:00,9:37:0
5°,8°,3°,15°,10°,14km/h,1°,1mm,18mm,85%,9km,50%,09:33:00,19:10:00,9:37:0
8°,10°,5°,18°,12°,14km/h,4°,2mm,15mm,90%,8km,56%,09:33:00,19:10:00,9:37:0
4°,6°,1°,15°,10°,13km/h,-1°,1mm,31mm,81%,9km,41%,09:33:00,19:11:00,9:38:0
8°,10°,6°,16°,14°,15km/h,5°,2mm,17mm,88%,9km,61%,09:33:00,19:10:00,9:37:0
4°,6°,2°,12°,10°,15km/h,-1°,4mm,66mm,85%,8km,56%,09:33:00,19:10:00,9:37:0
7°,10°,5°,16°,12°,12km/h,4°,3mm,91mm,86%,9km,51%,09:33:00,19:10:00,9:37:0
3°,4°,1°,9°,7°,25km/h,-3°,1mm,12mm,88%,10km,49%,09:56:00,18:44:00,8:48:0
2°,3°,1°,8°,7°,21km/h,-3°,1mm,6mm,90%,9km,63%,09:56:00,18:43:00,8:47:0
5°,6°,3°,12°,11°,24km/h,-1°,1mm,10mm,94%,9km,61%,09:56:00,18:43:00,8:47:0
6°,8°,4°,13°,11°,26km/h,1°,2mm,11mm,89%,10km,51%,09:56:00,18:43:00,8:47:0
4°,5°,2°,12°,10°,23km/h,-2°,1mm,7mm,93%,9km,66%,09:56:00,18:44:00,8:48:0
6°,8°,5°,12°,10°,28km/h,1°,2mm,7mm,92%,10km,62%,09:56:00,18:43:00,8:47:0
5°,7°,4°,13°,11°,28km/h,-0°,2mm,11mm,89%,10km,61%,09:56:00,18:43:00,8:47:0
6°,8°,4°,12°,11°,32km/h,1°,2mm,12mm,85%,10km,61%,09:56:00,18:43:00,8:47:0
4°,5°,2°,10°,9°,20km/h,-2°,1mm,15mm,86%,9km,53%,09:56:00,18:44:00,8:48:0
8°,9°,6°,14°,13°,29km/h,3°,2mm,15mm,88%,10km,62%,09:56:00,18:43:00,8:47:0
6°,6°,5°,11°,10°,23km/h,1°,3mm,24mm,85%,9km,78%,09:56:00,18:43:00,8:47:0
7°,9°,6°,13°,12°,25km/h,3°,2mm,19mm,88%,10km,56%,09:56:00,18:43:00,8:47:0
4°,6°,3°,11°,10°,28km/h,-1°,2mm,9mm,87%,10km,47%,10:02:00,19:03:00,9:1:0
4°,5°,2°,12°,9°,24km/h,-2°,1mm,9mm,88%,9km,60%,10:02:00,19:03:00,9:1:0
6°,7°,4°,13°,11°,27km/h,1°,1mm,8mm,91%,10km,58%,10:02:00,19:02:00,9:0:0
7°,9°,6°,14°,13°,28km/h,3°,1mm,17mm,89%,10km,54%,10:02:00,19:02:00,9:0:0
6°,7°,4°,13°,11°,25km/h,1°,2mm,8mm,92%,9km,68%,10:02:00,19:03:00,9:1:0
8°,10°,6°,13°,12°,31km/h,3°,2mm,13mm,92%,10km,59%,10:02:00,19:03:00,9:1:0
7°,8°,6°,14°,13°,32km/h,2°,2mm,12mm,88%,10km,63%,10:02:00,19:02:00,9:0:0
8°,9°,6°,14°,12°,35km/h,2°,2mm,13mm,85%,10km,58%,10:02:00,19:02:00,9:0:0
5°,7°,3°,12°,11°,22km/h,-0°,2mm,13mm,86%,9km,53%,10:02:00,19:03:00,9:1:0
9°,10°,8°,15°,12°,32km/h,4°,2mm,14mm,88%,10km,72%,10:02:00,19:03:00,9:1:0
7°,8°,5°,12°,11°,22km/h,2°,3mm,22mm,85%,9km,76%,10:02:00,19:03:00,9:1:0
8°,9°,6°,13°,12°,25km/h,3°,3mm,32mm,89%,9km,62%,10:02:00,19:02:00,9:0:0
5°,8°,3°,13°,12°,25km/h,-0°,2mm,14mm,87%,10km,46%,09:58:00,19:11:00,9:13:0
4°,6°,2°,13°,11°,22km/h,-2°,1mm,7mm,88%,10km,48%,09:58:00,19:10:00,9:12:0
6°,8°,4°,14°,13°,23km/h,1°,1mm,10mm,92%,10km,52%,09:58:00,19:10:00,9:12:0
8°,10°,6°,14°,13°,22km/h,4°,2mm,13mm,90%,10km,52%,09:58:00,19:09:00,9:11:0
7°,9°,5°,13°,12°,21km/h,2°,2mm,10mm,93%,9km,57%,09:58:00,19:11:00,9:13:0
9°,11°,8°,14°,13°,26km/h,5°,2mm,15mm,91%,10km,56%,09:58:00,19:10:00,9:12:0
8°,10°,6°,14°,13°,26km/h,4°,2mm,11mm,89%,10km,59%,09:58:00,19:10:00,9:12:0
9°,11°,7°,15°,13°,30km/h,5°,3mm,20mm,86%,10km,59%,09:58:00,19:10:00,9:12:0
5°,8°,3°,14°,12°,19km/h,-0°,1mm,9mm,84%,9km,49%,09:58:00,19:11:00,9:13:0
10°,11°,8°,15°,13°,29km/h,6°,2mm,12mm,90%,10km,72%,09:58:00,19:10:00,9:12:0
7°,9°,5°,12°,10°,19km/h,2°,3mm,27mm,89%,10km,65%,09:58:00,19:10:00,9:12:0
9°,11°,7°,14°,12°,25km/h,4°,4mm,35mm,89%,9km,62%,09:58:00,19:10:00,9:12:0
2°,4°,-0°,10°,8°,22km/h,-4°,1mm,12mm,90%,9km,48%,09:53:00,18:46:00,8:53:0
1°,3°,-0°,8°,7°,19km/h,-4°,1mm,8mm,90%,9km,61%,09:53:00,18:46:00,8:53:0
4°,6°,3°,13°,11°,21km/h,-1°,1mm,9mm,95%,8km,64%,09:53:00,18:45:00,8:52:0
6°,8°,4°,14°,12°,23km/h,1°,1mm,12mm,91%,9km,53%,09:53:00,18:45:00,8:52:0
3°,5°,2°,13°,11°,20km/h,-2°,1mm,9mm,94%,8km,72%,09:53:00,18:46:00,8:53:0
6°,8°,5°,13°,10°,24km/h,1°,2mm,7mm,94%,9km,63%,09:53:00,18:46:00,8:53:0
5°,7°,3°,13°,12°,25km/h,-1°,2mm,11mm,90%,10km,62%,09:53:00,18:45:00,8:52:0
6°,8°,4°,13°,11°,27km/h,-0°,2mm,12mm,87%,10km,59%,09:53:00,18:45:00,8:52:0
3°,4°,1°,11°,10°,17km/h,-3°,1mm,9mm,88%,9km,53%,09:53:00,18:46:00,8:53:0
7°,9°,6°,15°,13°,25km/h,3°,3mm,15mm,90%,9km,73%,09:53:00,18:46:00,8:53:0
5°,6°,3°,11°,10°,19km/h,-0°,3mm,23mm,88%,9km,75%,09:53:00,18:45:00,8:52:0
7°,9°,5°,13°,12°,21km/h,2°,2mm,34mm,90%,9km,58%,09:53:00,18:45:00,8:52:0
6°,8°,3°,14°,12°,24km/h,-0°,2mm,14mm,86%,10km,44%,09:48:00,19:10:00,9:22:0
4°,6°,2°,13°,10°,21km/h,-1°,1mm,9mm,88%,10km,50%,09:48:00,19:09:00,9:21:0
6°,8°,4°,15°,13°,22km/h,1°,1mm,10mm,91%,10km,47%,09:48:00,19:09:00,9:21:0
8°,10°,6°,15°,14°,20km/h,4°,1mm,13mm,88%,10km,50%,09:48:00,19:09:00,9:21:0
7°,9°,5°,16°,13°,21km/h,2°,2mm,12mm,91%,9km,54%,09:48:00,19:10:00,9:22:0
10°,11°,8°,16°,13°,25km/h,6°,2mm,12mm,91%,10km,56%,09:48:00,19:09:00,9:21:0
8°,10°,6°,15°,14°,24km/h,3°,2mm,17mm,88%,10km,58%,09:48:00,19:09:00,9:21:0
9°,11°,7°,17°,13°,28km/h,5°,3mm,25mm,86%,10km,56%,09:48:00,19:09:00,9:21:0
6°,8°,3°,16°,12°,20km/h,-0°,1mm,9mm,82%,10km,44%,09:48:00,19:10:00,9:22:0
10°,12°,9°,15°,14°,26km/h,6°,2mm,21mm,90%,10km,70%,09:48:00,19:09:00,9:21:0
7°,8°,5°,12°,11°,20km/h,2°,3mm,22mm,88%,9km,62%,09:48:00,19:09:00,9:21:0
9°,11°,7°,15°,13°,24km/h,5°,3mm,31mm,87%,10km,60%,09:48:00,19:09:00,9:21:0
6°,8°,5°,14°,12°,19km/h,2°,2mm,20mm,83%,10km,34%,09:16:00,18:50:00,9:34:0
5°,6°,3°,13°,10°,22km/h,-0°,2mm,20mm,83%,9km,41%,09:16:00,18:50:00,9:34:0
7°,9°,5°,15°,13°,16km/h,3°,1mm,12mm,83%,9km,35%,09:16:00,18:49:00,9:33:0
8°,10°,6°,16°,12°,20km/h,4°,1mm,36mm,78%,10km,27%,09:16:00,18:49:00,9:33:0
7°,9°,4°,16°,13°,20km/h,2°,1mm,14mm,78%,10km,27%,09:16:00,18:50:00,9:34:0
8°,10°,6°,15°,13°,18km/h,5°,3mm,27mm,85%,10km,45%,09:16:00,18:50:00,9:34:0
8°,10°,6°,18°,14°,22km/h,4°,1mm,20mm,75%,10km,25%,09:16:00,18:49:00,9:33:0
9°,11°,7°,17°,14°,20km/h,6°,1mm,20mm,78%,10km,36%,09:16:00,18:49:00,9:33:0
7°,9°,5°,14°,13°,23km/h,2°,1mm,15mm,69%,10km,32%,09:16:00,18:50:00,9:34:0
11°,12°,9°,19°,16°,23km/h,8°,2mm,32mm,75%,10km,30%,09:16:00,18:50:00,9:34:0
8°,10°,6°,18°,15°,21km/h,4°,1mm,16mm,61%,10km,25%,09:16:00,18:49:00,9:33:0
10°,12°,8°,17°,14°,16km/h,7°,1mm,35mm,73%,10km,42%,09:16:00,18:49:00,9:33:0
-0°,2°,-2°,9°,8°,15km/h,-5°,1mm,20mm,88%,9km,38%,09:26:00,18:48:00,9:22:0
-2°,-0°,-4°,9°,6°,15km/h,-7°,1mm,17mm,94%,7km,58%,09:26:00,18:47:00,9:21:0
1°,3°,-1°,14°,10°,13km/h,-4°,1mm,15mm,89%,8km,41%,09:26:00,18:47:00,9:21:0
2°,4°,-1°,14°,9°,13km/h,-3°,2mm,54mm,89%,8km,52%,09:26:00,18:47:00,9:21:0
1°,3°,-2°,16°,10°,13km/h,-4°,2mm,16mm,90%,8km,54%,09:26:00,18:48:00,9:22:0
3°,5°,1°,13°,9°,13km/h,-1°,2mm,22mm,92%,8km,52%,09:26:00,18:47:00,9:21:0
2°,4°,-1°,17°,11°,14km/h,-3°,2mm,21mm,90%,8km,54%,09:26:00,18:47:00,9:21:0
3°,5°,1°,15°,12°,13km/h,-1°,2mm,26mm,91%,8km,56%,09:26:00,18:47:00,9:21:0
-2°,1°,-4°,13°,9°,12km/h,-7°,1mm,15mm,88%,8km,42%,09:26:00,18:48:00,9:22:0
5°,6°,3°,15°,12°,13km/h,1°,3mm,36mm,90%,9km,59%,09:26:00,18:47:00,9:21:0
1°,3°,-1°,12°,10°,14km/h,-4°,3mm,60mm,85%,9km,54%,09:26:00,18:47:00,9:21:0
4°,7°,2°,15°,10°,10km/h,1°,3mm,79mm,83%,10km,43%,09:26:00,18:47:00,9:21:0
